dataset,frame,yolo_count,yolo_max_conf,yolo_decision
part1_nv,frame_0372.jpg,6,0.7994112968444824,person
part1_nv,frame_2373.jpg,2,0.8314785957336426,person
part1_nv,frame_1065.jpg,10,0.8862088322639465,person
part1_nv,frame_1094.jpg,5,0.8465071320533752,person
part1_nv,frame_2381.jpg,2,0.8602748513221741,person
part1_nv,frame_1547.jpg,2,0.7682051062583923,person
part1_nv,frame_0369.jpg,5,0.7723194360733032,person
part1_nv,frame_3392.jpg,6,0.7443697452545166,person
part1_nv,frame_1441.jpg,2,0.7653613686561584,person
part1_nv,frame_1100.jpg,7,0.872593343257904,person
part1_nv,frame_3313.jpg,4,0.862492561340332,person
part1_nv,frame_1803.jpg,1,0.7126489877700806,person
part1_nv,frame_2374.jpg,4,0.8235644698143005,person
part1_nv,frame_2478.jpg,4,0.9035195708274841,person
part1_nv,frame_2375.jpg,2,0.8327776193618774,person
part1_nv,frame_1372.jpg,8,0.8653610348701477,person
part1_nv,frame_1473.jpg,4,0.7667960524559021,person
part1_nv,frame_4231.jpg,0,0.43585601449012756,ambiguous
part1_nv,frame_3276.jpg,9,0.8452813029289246,person
part1_nv,frame_3136.jpg,9,0.8821824193000793,person
part1_nv,frame_4034.jpg,2,0.842311680316925,person
part1_nv,frame_1474.jpg,5,0.690269410610199,person
part1_nv,frame_3272.jpg,8,0.787894070148468,person
part1_nv,frame_2535.jpg,8,0.8760690093040466,person
part1_nv,frame_1263.jpg,17,0.8732473850250244,person
part1_nv,frame_3146.jpg,3,0.7658799290657043,person
part1_nv,frame_0967.jpg,4,0.8752751350402832,person
part1_nv,frame_1119.jpg,14,0.8653303980827332,person
part1_nv,frame_2377.jpg,2,0.8608790636062622,person
part1_nv,frame_2030.jpg,1,0.8980963826179504,person
part1_nv,frame_1129.jpg,4,0.8473535776138306,person
part1_nv,frame_1404.jpg,4,0.8383966088294983,person
part1_nv,frame_1121.jpg,11,0.8698367476463318,person
part1_nv,frame_3144.jpg,6,0.8811761736869812,person
part1_nv,frame_1377.jpg,5,0.8268565535545349,person
part1_nv,frame_3407.jpg,3,0.7323286533355713,person
part1_nv,frame_3132.jpg,9,0.8651815056800842,person
part1_nv,frame_3397.jpg,4,0.6648113131523132,person
part1_nv,frame_1520.jpg,0,0.49672144651412964,ambiguous
part1_nv,frame_0366.jpg,4,0.7522803544998169,person
part1_nv,frame_1118.jpg,13,0.869580090045929,person
part1_nv,frame_2371.jpg,3,0.7446980476379395,person
part1_nv,frame_3417.jpg,4,0.8023200035095215,person
part1_nv,frame_2384.jpg,2,0.8322343826293945,person
part1_nv,frame_4215.jpg,2,0.7344348430633545,person
part1_nv,frame_0375.jpg,5,0.8384556770324707,person
part1_nv,frame_1541.jpg,0,0.4702601730823517,ambiguous
part1_nv,frame_3402.jpg,4,0.7130981087684631,person
part1_nv,frame_3391.jpg,6,0.6604989171028137,person
part1_nv,frame_0939.jpg,5,0.8848012685775757,person
part1_nv,frame_1127.jpg,3,0.8039353489875793,person
part1_nv,frame_1804.jpg,1,0.6011302471160889,person
part1_nv,frame_1117.jpg,9,0.8541231155395508,person
part1_nv,frame_4219.jpg,2,0.6309095025062561,person
part1_nv,frame_1794.jpg,4,0.907078742980957,person
part1_nv,frame_1442.jpg,1,0.7610427737236023,person
part1_nv,frame_2364.jpg,2,0.9103910326957703,person
part1_nv,frame_1444.jpg,1,0.712658703327179,person
part1_nv,frame_1375.jpg,6,0.8273035287857056,person
part1_nv,frame_1062.jpg,12,0.899786114692688,person
part1_nv,frame_1443.jpg,2,0.7948046326637268,person
part1_nv,frame_1381.jpg,4,0.8070798516273499,person
part1_nv,frame_2524.jpg,5,0.8600016832351685,person
part1_nv,frame_3274.jpg,6,0.8425586223602295,person
part1_nv,frame_3394.jpg,5,0.7467771768569946,person
part1_nv,frame_3277.jpg,11,0.7921494841575623,person
part1_nv,frame_1396.jpg,4,0.8214580416679382,person
part1_nv,frame_1378.jpg,6,0.7868918180465698,person
part1_nv,frame_3413.jpg,3,0.8273318409919739,person
part1_nv,frame_2361.jpg,2,0.9234153628349304,person
part1_nv,frame_0784.jpg,4,0.8071178793907166,person
part1_nv,frame_1519.jpg,0,0.43293172121047974,ambiguous
part1_nv,frame_0961.jpg,9,0.9189949631690979,person
part1_nv,frame_1115.jpg,8,0.8599729537963867,person
part1_nv,frame_1397.jpg,6,0.842517077922821,person
part1_nv,frame_3285.jpg,11,0.8112211227416992,person
part1_nv,frame_1471.jpg,6,0.7932553887367249,person
part1_nv,frame_0938.jpg,7,0.8327471017837524,person
part1_nv,frame_3403.jpg,1,0.6668715476989746,person
part1_nv,frame_3398.jpg,2,0.6783949136734009,person
part1_nv,frame_1795.jpg,4,0.9070658087730408,person
part1_nv,frame_1132.jpg,1,0.8876095414161682,person
part1_nv,frame_3056.jpg,7,0.8329402804374695,person
part1_nv,frame_3420.jpg,3,0.8671309947967529,person
part1_nv,frame_1402.jpg,6,0.8167931437492371,person
part1_nv,frame_3266.jpg,6,0.8553905487060547,person
part1_nv,frame_1128.jpg,3,0.7576650381088257,person
part1_nv,frame_2360.jpg,2,0.8890140056610107,person
part1_nv,frame_1374.jpg,7,0.8281947374343872,person
part1_nv,frame_3267.jpg,8,0.864349365234375,person
part1_nv,frame_1465.jpg,5,0.7386348247528076,person
part1_nv,frame_3268.jpg,7,0.8651096820831299,person
part1_nv,frame_1775.jpg,10,0.8972827792167664,person
part1_nv,frame_2366.jpg,0,0.4550687372684479,ambiguous
part1_nv,frame_3410.jpg,3,0.7718663215637207,person
part1_nv,frame_0791.jpg,0,0.4717744290828705,ambiguous
part1_nv,frame_0662.jpg,5,0.8658255338668823,person
part1_nv,frame_3389.jpg,5,0.7543423175811768,person
part1_nv,frame_2363.jpg,2,0.868274986743927,person
part1_nv,frame_1476.jpg,6,0.7611241340637207,person
part1_nv,frame_0660.jpg,6,0.8327848315238953,person
part1_nv,frame_1126.jpg,5,0.7901874780654907,person
part1_nv,frame_3396.jpg,5,0.7136422395706177,person
part1_nv,frame_2477.jpg,3,0.799572229385376,person
part1_nv,frame_3047.jpg,6,0.8231682777404785,person
part1_nv,frame_2530.jpg,6,0.8679026365280151,person
part1_nv,frame_3414.jpg,3,0.8126185536384583,person
part1_nv,frame_2368.jpg,1,0.7943568229675293,person
part1_nv,frame_3060.jpg,7,0.8966663479804993,person
part1_nv,frame_3412.jpg,3,0.8325873613357544,person
part1_nv,frame_2372.jpg,3,0.8495567440986633,person
part1_nv,frame_1114.jpg,9,0.8609978556632996,person
part1_nv,frame_2534.jpg,9,0.8607817888259888,person
part1_nv,frame_3059.jpg,7,0.8683241009712219,person
part1_nv,frame_2475.jpg,5,0.8690069913864136,person
part1_nv,frame_0376.jpg,4,0.8360989689826965,person
part1_nv,frame_1060.jpg,10,0.9128556847572327,person
part1_nv,frame_0663.jpg,5,0.8428679704666138,person
part1_nv,frame_4036.jpg,2,0.8995969295501709,person
part1_nv,frame_4229.jpg,0,0.587697446346283,ambiguous
part1_nv,frame_3415.jpg,2,0.7408840656280518,person
part1_nv,frame_3057.jpg,6,0.8721930384635925,person
part1_nv,frame_3138.jpg,8,0.8464077711105347,person
part1_nv,frame_2367.jpg,1,0.7818208932876587,person
part1_nv,frame_4032.jpg,5,0.7793828248977661,person
part1_nv,frame_0659.jpg,4,0.8218521475791931,person
part1_nv,frame_1433.jpg,1,0.6445961594581604,person
part1_nv,frame_3314.jpg,5,0.8701169490814209,person
part1_nv,frame_3134.jpg,7,0.8395119309425354,person
part1_nv,frame_0373.jpg,7,0.8023960590362549,person
part1_nv,frame_2382.jpg,2,0.8407491445541382,person
part1_nv,frame_1093.jpg,4,0.8469576239585876,person
part1_nv,frame_1124.jpg,5,0.850337564945221,person
part1_nv,frame_2528.jpg,6,0.8643586039543152,person
part1_nv,frame_1116.jpg,7,0.8674454092979431,person
part1_nv,frame_1793.jpg,6,0.9012349843978882,person
part1_nv,frame_3137.jpg,10,0.8193303942680359,person
part1_nv,frame_1546.jpg,2,0.737756073474884,person
part1_nv,frame_1545.jpg,1,0.6655290126800537,person
part1_nv,frame_2357.jpg,2,0.8749701380729675,person
part1_nv,frame_1403.jpg,4,0.843281090259552,person
part1_nv,frame_3143.jpg,4,0.7717299461364746,person
part1_nv,frame_2358.jpg,2,0.9147335290908813,person
part1_nv,frame_4221.jpg,0,0.59697026014328,ambiguous
part1_nv,frame_2378.jpg,2,0.8315302729606628,person
part1_nv,frame_4035.jpg,2,0.9084476232528687,person
part1_nv,frame_3270.jpg,8,0.8395413160324097,person
part1_nv,frame_2527.jpg,6,0.9048165082931519,person
part1_nv,frame_2369.jpg,1,0.692474901676178,person
part1_nv,frame_3142.jpg,4,0.7832496166229248,person
part1_nv,frame_3406.jpg,2,0.7082993984222412,person
part1_nv,frame_0371.jpg,5,0.7882987856864929,person
part1_nv,frame_2385.jpg,2,0.8398287892341614,person
part1_nv,frame_3269.jpg,6,0.848939061164856,person
part1_nv,frame_1131.jpg,2,0.8921256065368652,person
part1_nv,frame_1445.jpg,1,0.744208574295044,person
part1_nv,frame_3288.jpg,9,0.8477604985237122,person
part1_nv,frame_0377.jpg,4,0.8293581604957581,person
part1_nv,frame_1543.jpg,2,0.7247827649116516,person
part1_nv,frame_3416.jpg,3,0.8223695755004883,person
part1_nv,frame_3278.jpg,8,0.8220937252044678,person
part1_nv,frame_0378.jpg,5,0.8590763211250305,person
part1_nv,frame_3046.jpg,6,0.8485720157623291,person
part1_nv,frame_1130.jpg,5,0.8152570724487305,person
part1_nv,frame_3139.jpg,6,0.8372302651405334,person
part1_nv,frame_1371.jpg,8,0.8248995542526245,person
part1_nv,frame_4033.jpg,4,0.8413346409797668,person
part1_nv,frame_1522.jpg,0,0.4749484658241272,ambiguous
part1_nv,frame_3401.jpg,3,0.7429142594337463,person
part1_nv,frame_4217.jpg,3,0.7268089652061462,person
part1_nv,frame_3275.jpg,10,0.8070223331451416,person
part1_nv,frame_1101.jpg,11,0.869059145450592,person
part1_nv,frame_4220.jpg,1,0.6159393191337585,person
part1_nv,frame_1523.jpg,2,0.8418123722076416,person
part1_nv,frame_2028.jpg,1,0.8728702664375305,person
part1_nv,frame_4218.jpg,2,0.7662844061851501,person
part1_nv,frame_3055.jpg,8,0.845365047454834,person
part1_nv,frame_3271.jpg,6,0.7799605131149292,person
part1_nv,frame_2365.jpg,2,0.8943219780921936,person
part1_nv,frame_3286.jpg,9,0.8271034955978394,person
part1_nv,frame_1066.jpg,9,0.8451184034347534,person
part1_nv,frame_1092.jpg,4,0.8645793795585632,person
part1_nv,frame_3419.jpg,4,0.8224738836288452,person
part1_nv,frame_1439.jpg,3,0.8108120560646057,person
part1_nv,frame_0189.jpg,4,0.7887024283409119,person
part1_nv,frame_4234.jpg,0,0.5599074959754944,ambiguous
part1_nv,frame_3576.jpg,5,0.8540138006210327,person
part1_nv,frame_1440.jpg,1,0.7913273572921753,person
part1_nv,frame_3304.jpg,3,0.9080219268798828,person
part1_nv,frame_0665.jpg,5,0.8548390865325928,person
part1_nv,frame_0783.jpg,3,0.7962114214897156,person
part1_nv,frame_0664.jpg,5,0.8332893252372742,person
part1_nv,frame_1380.jpg,3,0.7955669164657593,person
part1_nv,frame_3575.jpg,3,0.8517972230911255,person
part1_nv,frame_1395.jpg,5,0.8405358791351318,person
part1_nv,frame_1800.jpg,3,0.8191197514533997,person
part1_nv,frame_0963.jpg,7,0.8571025729179382,person
part1_nv,frame_0374.jpg,6,0.8172063827514648,person
part1_nv,frame_3262.jpg,7,0.8510013818740845,person
part1_nv,frame_1464.jpg,7,0.8286221623420715,person
part1_nv,frame_2532.jpg,9,0.8729233145713806,person
part1_nv,frame_3140.jpg,6,0.7483214139938354,person
part1_nv,frame_3404.jpg,1,0.6911269426345825,person
part1_nv,frame_2379.jpg,2,0.8554835319519043,person
part1_nv,frame_1400.jpg,7,0.8036852478981018,person
part1_nv,frame_1544.jpg,1,0.7441303133964539,person
part1_nv,frame_1111.jpg,13,0.8551986217498779,person
part1_nv,frame_1122.jpg,7,0.8749338984489441,person
part1_nv,frame_0790.jpg,0,0.5848434567451477,ambiguous
part1_nv,frame_0364.jpg,5,0.7428023219108582,person
part1_nv,frame_1394.jpg,5,0.8578494787216187,person
part1_nv,frame_3287.jpg,13,0.8562737107276917,person
part1_nv,frame_1120.jpg,8,0.886683464050293,person
part1_nv,frame_1797.jpg,4,0.9405578374862671,person
part1_nv,frame_1373.jpg,7,0.8670569062232971,person
part1_nv,frame_1796.jpg,6,0.9222898483276367,person
part1_nv,frame_0937.jpg,9,0.8468247652053833,person
part1_nv,frame_1063.jpg,10,0.8947716951370239,person
part1_nv,frame_1776.jpg,8,0.8908537030220032,person
part1_nv,frame_1475.jpg,6,0.8060576915740967,person
part1_nv,frame_1064.jpg,9,0.913718044757843,person
part1_nv,frame_1432.jpg,0,0.5816117525100708,ambiguous
part1_nv,frame_1085.jpg,2,0.8429157137870789,person
part1_nv,frame_3390.jpg,4,0.7478208541870117,person
part1_nv,frame_2370.jpg,3,0.800804078578949,person
part1_nv,frame_1801.jpg,2,0.7214035987854004,person
part1_nv,frame_0365.jpg,4,0.7890533804893494,person
part1_nv,frame_1478.jpg,4,0.8031014204025269,person
part1_nv,frame_1477.jpg,5,0.8126770853996277,person
part1_nv,frame_1112.jpg,12,0.8552281856536865,person
part1_nv,frame_3135.jpg,8,0.8387530446052551,person
part1_nv,frame_1110.jpg,12,0.9222397804260254,person
part1_nv,frame_0368.jpg,4,0.7102810144424438,person
part1_nv,frame_4216.jpg,2,0.700332760810852,person
part1_nv,frame_1123.jpg,5,0.8346476554870605,person
part1_nv,frame_3418.jpg,2,0.7577096223831177,person
part1_nv,frame_0370.jpg,5,0.7755751013755798,person
part1_nv,frame_2380.jpg,2,0.8199025988578796,person
part1_nv,frame_3393.jpg,3,0.7668298482894897,person
part1_nv,frame_1061.jpg,12,0.9186022877693176,person
part1_nv,frame_1521.jpg,0,0.5039979815483093,ambiguous
part1_nv,frame_0367.jpg,3,0.7252192497253418,person
part1_nv,frame_3411.jpg,2,0.8409441709518433,person
part1_nv,frame_3133.jpg,9,0.8664674162864685,person
part1_nv,frame_2359.jpg,2,0.9154145121574402,person
part1_nv,frame_3261.jpg,5,0.8871387839317322,person
part1_nv,frame_2383.jpg,2,0.8313403129577637,person
part1_nv,frame_1376.jpg,6,0.8194063901901245,person
part1_nv,frame_3405.jpg,2,0.6948279142379761,person
part1_nv,frame_1518.jpg,2,0.8263852596282959,person
part1_nv,frame_3399.jpg,2,0.7162829637527466,person
part1_nv,frame_2476.jpg,4,0.8737321496009827,person
part1_nv,frame_3058.jpg,7,0.8416449427604675,person
part1_nv,frame_1099.jpg,10,0.8598212599754333,person
part1_nv,frame_1472.jpg,7,0.7497090101242065,person
part1_nv,frame_1802.jpg,3,0.7632014155387878,person
part1_nv,frame_0188.jpg,1,0.6580237150192261,person
part1_nv,frame_1398.jpg,7,0.8493130207061768,person
part1_nv,frame_1399.jpg,8,0.8443615436553955,person
part1_nv,frame_2529.jpg,7,0.8581090569496155,person
part1_nv,frame_0661.jpg,5,0.8578099012374878,person
part1_nv,frame_1125.jpg,7,0.7990002036094666,person
part1_nv,frame_3273.jpg,8,0.8171382546424866,person
part1_nv,frame_1091.jpg,4,0.8700535297393799,person
part1_nv,frame_0363.jpg,3,0.7195034623146057,person
part1_nv,frame_0962.jpg,7,0.8781044483184814,person
part1_nv,frame_2386.jpg,2,0.8204519748687744,person
part1_nv,frame_1798.jpg,2,0.9401306509971619,person
part1_nv,frame_1799.jpg,3,0.8267653584480286,person
part1_nv,frame_3061.jpg,6,0.8411805033683777,person
part1_nv,frame_3048.jpg,8,0.8060904145240784,person
part1_nv,frame_3408.jpg,2,0.7604106068611145,person
part1_nv,frame_0379.jpg,5,0.8153387904167175,person
part1_nv,frame_1382.jpg,4,0.8087747097015381,person
part1_nv,frame_2029.jpg,1,0.9088513255119324,person
part1_nv,frame_3409.jpg,3,0.7417929172515869,person
part1_nv,frame_3141.jpg,4,0.7514549493789673,person
part1_nv,frame_3400.jpg,4,0.6667800545692444,person
part1_nv,frame_0964.jpg,5,0.8626298904418945,person
part1_nv,frame_1792.jpg,5,0.891502320766449,person
part1_nv,frame_3395.jpg,3,0.6702964305877686,person
part1_nv,frame_1805.jpg,0,0.5576058626174927,ambiguous
part1_nv,frame_3145.jpg,4,0.7940199375152588,person
part1_nv,frame_4232.jpg,0,0.5507290959358215,ambiguous
part1_nv,frame_1086.jpg,2,0.6879175305366516,person
part1_nv,frame_2376.jpg,2,0.8348171710968018,person
part1_nv,frame_1401.jpg,6,0.7984783053398132,person
part1_nv,frame_1113.jpg,7,0.8612692356109619,person
part1_nv,frame_1379.jpg,3,0.8233767747879028,person
part1_nv,frame_2531.jpg,7,0.8816679120063782,person
part1_nv,frame_1262.jpg,15,0.8622487783432007,person
part1_nv,frame_2362.jpg,2,0.8923947811126709,person
part2_nv,frame_1272.jpg,2,0.700541615486145,person
part2_nv,frame_1537.jpg,0,0.4403301477432251,ambiguous
part2_nv,frame_2428.jpg,6,0.846832811832428,person
part2_nv,frame_1736.jpg,6,0.8298539519309998,person
part2_nv,frame_1750.jpg,7,0.8189669251441956,person
part2_nv,frame_1550.jpg,2,0.7401392459869385,person
part2_nv,frame_1749.jpg,9,0.7892046570777893,person
part2_nv,frame_1554.jpg,2,0.7432252764701843,person
part2_nv,frame_1726.jpg,6,0.8130123615264893,person
part2_nv,frame_2423.jpg,5,0.8588699102401733,person
part2_nv,frame_1743.jpg,9,0.8033623099327087,person
part2_nv,frame_1747.jpg,8,0.7776516079902649,person
part2_nv,frame_1539.jpg,2,0.7031001448631287,person
part2_nv,frame_1188.jpg,5,0.7448709607124329,person
part2_nv,frame_1271.jpg,1,0.7834463715553284,person
part2_nv,frame_1758.jpg,6,0.7899888753890991,person
part2_nv,frame_1733.jpg,7,0.8312458992004395,person
part2_nv,frame_2432.jpg,9,0.8448523879051208,person
part2_nv,frame_2420.jpg,6,0.8908377289772034,person
part2_nv,frame_1753.jpg,9,0.8148254156112671,person
part2_nv,frame_2424.jpg,5,0.8268260955810547,person
part2_nv,frame_1734.jpg,6,0.8262560963630676,person
part2_nv,frame_1740.jpg,6,0.8249687552452087,person
part2_nv,frame_1744.jpg,6,0.8133218288421631,person
part2_nv,frame_1192.jpg,9,0.8207355737686157,person
part2_nv,frame_2419.jpg,6,0.8139462471008301,person
part2_nv,frame_1708.jpg,5,0.8053041100502014,person
part2_nv,frame_1712.jpg,5,0.8251914381980896,person
part2_nv,frame_1716.jpg,7,0.7845553159713745,person
part2_nv,frame_1722.jpg,6,0.7980610728263855,person
part2_nv,frame_1261.jpg,3,0.8297045826911926,person
part2_nv,frame_1762.jpg,7,0.8491643667221069,person
part2_nv,frame_2430.jpg,9,0.7859179973602295,person
part2_nv,frame_1816.jpg,1,0.6796151399612427,person
part2_nv,frame_1265.jpg,1,0.7412691712379456,person
part2_nv,frame_2438.jpg,5,0.850517213344574,person
part2_nv,frame_1186.jpg,3,0.770770251750946,person
part2_nv,frame_1766.jpg,8,0.8038563132286072,person
part2_nv,frame_1721.jpg,6,0.7906953692436218,person
part2_nv,frame_1764.jpg,10,0.8495979309082031,person
part2_nv,frame_1769.jpg,6,0.7921043634414673,person
part2_nv,frame_1724.jpg,6,0.8180450797080994,person
part2_nv,frame_1273.jpg,4,0.6786013245582581,person
part2_nv,frame_1745.jpg,6,0.7928639054298401,person
part2_nv,frame_2437.jpg,6,0.8690865635871887,person
part2_nv,frame_1771.jpg,6,0.833600640296936,person
part2_nv,frame_1748.jpg,9,0.7941427230834961,person
part2_nv,frame_1732.jpg,7,0.8731226325035095,person
part2_nv,frame_2429.jpg,8,0.8214554190635681,person
part2_nv,frame_2417.jpg,7,0.8928198218345642,person
part2_nv,frame_1737.jpg,6,0.838951587677002,person
part2_nv,frame_2431.jpg,8,0.8153722286224365,person
part2_nv,frame_1552.jpg,2,0.7752485275268555,person
part2_nv,frame_1268.jpg,2,0.7427511811256409,person
part2_nv,frame_1738.jpg,7,0.8319950699806213,person
part2_nv,frame_1713.jpg,6,0.8124744892120361,person
part2_nv,frame_1711.jpg,5,0.8515424132347107,person
part2_nv,frame_1714.jpg,6,0.7918282747268677,person
part2_nv,frame_1818.jpg,2,0.6725703477859497,person
part2_nv,frame_1189.jpg,6,0.8343214988708496,person
part2_nv,frame_2427.jpg,5,0.8486108183860779,person
part2_nv,frame_1759.jpg,6,0.7816508412361145,person
part2_nv,frame_1191.jpg,8,0.7485295534133911,person
part2_nv,frame_1754.jpg,8,0.8330463767051697,person
part2_nv,frame_1760.jpg,8,0.8242231607437134,person
part2_nv,frame_2422.jpg,4,0.8063931465148926,person
part2_nv,frame_2425.jpg,7,0.8214743137359619,person
part2_nv,frame_1825.jpg,1,0.731645405292511,person
part2_nv,frame_1746.jpg,9,0.7869418263435364,person
part2_nv,frame_1720.jpg,7,0.8024437427520752,person
part2_nv,frame_1728.jpg,8,0.8094611167907715,person
part2_nv,frame_1187.jpg,4,0.7356303334236145,person
part2_nv,frame_1195.jpg,7,0.7775190472602844,person
part2_nv,frame_1264.jpg,1,0.8245580196380615,person
part2_nv,frame_1719.jpg,5,0.8195613026618958,person
part2_nv,frame_1267.jpg,1,0.6223146319389343,person
part2_nv,frame_1765.jpg,9,0.80849689245224,person
part2_nv,frame_1822.jpg,2,0.73089998960495,person
part2_nv,frame_1730.jpg,7,0.8329346179962158,person
part2_nv,frame_1817.jpg,2,0.6990667581558228,person
part2_nv,frame_2436.jpg,5,0.8750675916671753,person
part2_nv,frame_2435.jpg,6,0.8660638928413391,person
part2_nv,frame_2433.jpg,8,0.8384177088737488,person
part2_nv,frame_1739.jpg,8,0.8439547419548035,person
part2_nv,frame_1270.jpg,2,0.8380120396614075,person
part2_nv,frame_1553.jpg,2,0.7415299415588379,person
part2_nv,frame_1538.jpg,1,0.7548783421516418,person
part2_nv,frame_2426.jpg,7,0.8474971055984497,person
part2_nv,frame_1190.jpg,6,0.7860743999481201,person
part2_nv,frame_1768.jpg,5,0.8126757144927979,person
part2_nv,frame_1819.jpg,2,0.7382295727729797,person
part2_nv,frame_1820.jpg,2,0.705394983291626,person
part2_nv,frame_2418.jpg,7,0.8738979697227478,person
part2_nv,frame_1266.jpg,2,0.7813793420791626,person
part2_nv,frame_1718.jpg,7,0.7841246724128723,person
part2_nv,frame_1551.jpg,2,0.6572672724723816,person
part2_nv,frame_1815.jpg,0,0.5695986747741699,ambiguous
part2_nv,frame_2421.jpg,5,0.8584615588188171,person
part2_nv,frame_1761.jpg,8,0.8011355400085449,person
part2_nv,frame_1194.jpg,7,0.7730143070220947,person
part2_nv,frame_1193.jpg,7,0.7697948813438416,person
part2_nv,frame_1735.jpg,6,0.8436069488525391,person
part2_nv,frame_1767.jpg,8,0.8258485794067383,person
part2_nv,frame_1823.jpg,1,0.6351142525672913,person
part2_nv,frame_1731.jpg,7,0.8327018022537231,person
part2_nv,frame_1821.jpg,1,0.717534601688385,person
part2_nv,frame_1751.jpg,10,0.7939577102661133,person
part2_nv,frame_1709.jpg,4,0.801994264125824,person
part2_nv,frame_1752.jpg,7,0.8055862188339233,person
part2_nv,frame_1723.jpg,6,0.8270872831344604,person
part2_nv,frame_1813.jpg,1,0.7691255807876587,person
part2_nv,frame_1260.jpg,2,0.7838025093078613,person
part2_nv,frame_1741.jpg,6,0.8328620195388794,person
part2_nv,frame_1770.jpg,8,0.8379291296005249,person
part2_nv,frame_1824.jpg,2,0.6783078908920288,person
part2_nv,frame_1757.jpg,6,0.8059822916984558,person
part2_nv,frame_1826.jpg,2,0.724177896976471,person
part2_nv,frame_1727.jpg,4,0.8254150152206421,person
part2_nv,frame_1729.jpg,8,0.8079008460044861,person
part2_nv,frame_1814.jpg,4,0.6965986490249634,person
part2_nv,frame_1725.jpg,6,0.8381019234657288,person
part2_nv,frame_1742.jpg,7,0.8025959134101868,person
part2_nv,frame_1715.jpg,6,0.7825260162353516,person
part2_nv,frame_1755.jpg,8,0.800784707069397,person
part2_nv,frame_2434.jpg,6,0.8552008867263794,person
part2_nv,frame_1269.jpg,3,0.8576868772506714,person
part2_nv,frame_1710.jpg,5,0.8193216323852539,person
part2_nv,frame_1756.jpg,8,0.7886229753494263,person
part2_nv,frame_1763.jpg,7,0.853604257106781,person
part2_nv,frame_1717.jpg,5,0.818596601486206,person
video1_nv,frame_0372.jpg,1,0.8476569652557373,person
video1_nv,frame_0549.jpg,2,0.9045090675354004,person
video1_nv,frame_0094.jpg,7,0.8732395172119141,person
video1_nv,frame_0369.jpg,1,0.6012769341468811,person
video1_nv,frame_0541.jpg,2,0.8351221084594727,person
video1_nv,frame_0077.jpg,7,0.9008088707923889,person
video1_nv,frame_0547.jpg,2,0.8808779716491699,person
video1_nv,frame_0344.jpg,5,0.852532684803009,person
video1_nv,frame_0624.jpg,3,0.8916502594947815,person
video1_nv,frame_0123.jpg,7,0.841124415397644,person
video1_nv,frame_0125.jpg,6,0.8736144304275513,person
video1_nv,frame_0103.jpg,9,0.8980518579483032,person
video1_nv,frame_0522.jpg,3,0.879214346408844,person
video1_nv,frame_0081.jpg,7,0.9008365273475647,person
video1_nv,frame_0095.jpg,7,0.871161162853241,person
video1_nv,frame_0542.jpg,2,0.8417360782623291,person
video1_nv,frame_0074.jpg,6,0.9057339429855347,person
video1_nv,frame_0082.jpg,8,0.9098266363143921,person
video1_nv,frame_0366.jpg,5,0.8968929052352905,person
video1_nv,frame_0107.jpg,6,0.8893072009086609,person
video1_nv,frame_0852.jpg,4,0.8828359246253967,person
video1_nv,frame_0626.jpg,5,0.9045870900154114,person
video1_nv,frame_0346.jpg,5,0.9017447829246521,person
video1_nv,frame_0087.jpg,7,0.8923845291137695,person
video1_nv,frame_0102.jpg,7,0.9088826775550842,person
video1_nv,frame_0536.jpg,1,0.8305234313011169,person
video1_nv,frame_0120.jpg,6,0.889960527420044,person
video1_nv,frame_0538.jpg,1,0.8212286829948425,person
video1_nv,frame_0079.jpg,10,0.8978325724601746,person
video1_nv,frame_0124.jpg,6,0.8769025802612305,person
video1_nv,frame_0078.jpg,10,0.9166133403778076,person
video1_nv,frame_0518.jpg,3,0.9111186861991882,person
video1_nv,frame_0115.jpg,7,0.866033136844635,person
video1_nv,frame_0545.jpg,2,0.8811019062995911,person
video1_nv,frame_0855.jpg,5,0.9018181562423706,person
video1_nv,frame_0096.jpg,6,0.8698782920837402,person
video1_nv,frame_0072.jpg,7,0.8875789642333984,person
video1_nv,frame_0347.jpg,5,0.9143489003181458,person
video1_nv,frame_0625.jpg,5,0.8891014456748962,person
video1_nv,frame_0108.jpg,7,0.8936276435852051,person
video1_nv,frame_0544.jpg,2,0.8586388826370239,person
video1_nv,frame_0112.jpg,10,0.895134687423706,person
video1_nv,frame_0853.jpg,3,0.9021408557891846,person
video1_nv,frame_0099.jpg,5,0.9128574728965759,person
video1_nv,frame_0540.jpg,2,0.8679763078689575,person
video1_nv,frame_0127.jpg,6,0.8927091956138611,person
video1_nv,frame_0111.jpg,9,0.9138128161430359,person
video1_nv,frame_0093.jpg,7,0.857661247253418,person
video1_nv,frame_0343.jpg,5,0.8610444068908691,person
video1_nv,frame_0527.jpg,3,0.9096813797950745,person
video1_nv,frame_0128.jpg,6,0.8435215950012207,person
video1_nv,frame_0098.jpg,5,0.839776337146759,person
video1_nv,frame_0373.jpg,2,0.7933622598648071,person
video1_nv,frame_0121.jpg,5,0.8985245227813721,person
video1_nv,frame_0524.jpg,3,0.908190131187439,person
video1_nv,frame_0080.jpg,9,0.9206092357635498,person
video1_nv,frame_0548.jpg,2,0.877853274345398,person
video1_nv,frame_0110.jpg,9,0.9258148074150085,person
video1_nv,frame_0105.jpg,7,0.9018534421920776,person
video1_nv,frame_0371.jpg,1,0.8943098783493042,person
video1_nv,frame_0116.jpg,7,0.8626994490623474,person
video1_nv,frame_0539.jpg,2,0.7653387188911438,person
video1_nv,frame_0126.jpg,6,0.8674108386039734,person
video1_nv,frame_0854.jpg,4,0.9091863632202148,person
video1_nv,frame_0851.jpg,4,0.8828046917915344,person
video1_nv,frame_0546.jpg,2,0.8740221261978149,person
video1_nv,frame_1463.jpg,6,0.8569921851158142,person
video1_nv,frame_0534.jpg,2,0.8364005088806152,person
video1_nv,frame_0537.jpg,0,0.5110617876052856,ambiguous
video1_nv,frame_0122.jpg,7,0.8518491983413696,person
video1_nv,frame_0345.jpg,4,0.9147865176200867,person
video1_nv,frame_0856.jpg,3,0.9128583669662476,person
video1_nv,frame_0083.jpg,7,0.8441293239593506,person
video1_nv,frame_1464.jpg,6,0.873343288898468,person
video1_nv,frame_0089.jpg,8,0.8604316711425781,person
video1_nv,frame_0623.jpg,4,0.8819780349731445,person
video1_nv,frame_0097.jpg,6,0.9142511487007141,person
video1_nv,frame_0100.jpg,5,0.8980154395103455,person
video1_nv,frame_0104.jpg,9,0.9027015566825867,person
video1_nv,frame_0090.jpg,7,0.8884031176567078,person
video1_nv,frame_0114.jpg,7,0.9192871451377869,person
video1_nv,frame_0533.jpg,2,0.8420820832252502,person
video1_nv,frame_0368.jpg,0,0.4133377969264984,ambiguous
video1_nv,frame_0526.jpg,3,0.8695681095123291,person
video1_nv,frame_0370.jpg,0,0.5538037419319153,ambiguous
video1_nv,frame_0076.jpg,8,0.8975877165794373,person
video1_nv,frame_0367.jpg,2,0.9189131855964661,person
video1_nv,frame_0084.jpg,5,0.8632226586341858,person
video1_nv,frame_0113.jpg,9,0.8983410596847534,person
video1_nv,frame_0118.jpg,8,0.8898681998252869,person
video1_nv,frame_0092.jpg,7,0.8760554790496826,person
video1_nv,frame_0109.jpg,9,0.9115098714828491,person
video1_nv,frame_0521.jpg,3,0.9118562340736389,person
video1_nv,frame_0857.jpg,4,0.9063564538955688,person
video1_nv,frame_0088.jpg,8,0.8915767073631287,person
video1_nv,frame_0119.jpg,7,0.8987796306610107,person
video1_nv,frame_0130.jpg,5,0.8846595287322998,person
video1_nv,frame_0075.jpg,6,0.8711103796958923,person
video1_nv,frame_0073.jpg,6,0.8933874368667603,person
video1_nv,frame_0525.jpg,3,0.8947420716285706,person
video1_nv,frame_0101.jpg,6,0.9003380537033081,person
video1_nv,frame_0106.jpg,8,0.9003746509552002,person
video1_nv,frame_0131.jpg,5,0.8341355919837952,person
video1_nv,frame_0085.jpg,7,0.8084416389465332,person
video1_nv,frame_0086.jpg,5,0.8806027173995972,person
video1_nv,frame_0523.jpg,3,0.8732408285140991,person
video1_nv,frame_0091.jpg,6,0.8702197670936584,person
video1_nv,frame_0543.jpg,2,0.86203932762146,person
video1_nv,frame_0535.jpg,1,0.7914214134216309,person
video1_nv,frame_0117.jpg,6,0.8851566314697266,person
video1_nv,frame_0519.jpg,3,0.9208678603172302,person
video1_nv,frame_0129.jpg,5,0.8600383996963501,person
video1_nv,frame_0520.jpg,3,0.907665491104126,person
video1_nv,frame_0348.jpg,5,0.9158722758293152,person
video2_nv,frame_1537.jpg,2,0.7597753405570984,person
video2_nv,frame_1224.jpg,4,0.8673427700996399,person
video2_nv,frame_1226.jpg,4,0.8020312190055847,person
video2_nv,frame_1547.jpg,2,0.7796832919120789,person
video2_nv,frame_1536.jpg,2,0.7647928595542908,person
video2_nv,frame_1550.jpg,2,0.7687711119651794,person
video2_nv,frame_1554.jpg,3,0.7722917199134827,person
video2_nv,frame_1558.jpg,4,0.7559100389480591,person
video2_nv,frame_1319.jpg,4,0.8598120212554932,person
video2_nv,frame_1526.jpg,2,0.8058520555496216,person
video2_nv,frame_1539.jpg,2,0.7613677382469177,person
video2_nv,frame_1564.jpg,5,0.807614803314209,person
video2_nv,frame_1498.jpg,1,0.7582695484161377,person
video2_nv,frame_0689.jpg,4,0.8251528739929199,person
video2_nv,frame_1548.jpg,3,0.7880309224128723,person
video2_nv,frame_1308.jpg,5,0.8895736336708069,person
video2_nv,frame_1513.jpg,1,0.667194128036499,person
video2_nv,frame_1520.jpg,1,0.6767975687980652,person
video2_nv,frame_1556.jpg,1,0.8813297748565674,person
video2_nv,frame_0730.jpg,4,0.817193865776062,person
video2_nv,frame_1507.jpg,1,0.7538089156150818,person
video2_nv,frame_1318.jpg,4,0.86597740650177,person
video2_nv,frame_0694.jpg,3,0.8278688788414001,person
video2_nv,frame_1222.jpg,4,0.8819866180419922,person
video2_nv,frame_1541.jpg,2,0.7722038626670837,person
video2_nv,frame_1492.jpg,2,0.7677578926086426,person
video2_nv,frame_1565.jpg,4,0.805027425289154,person
video2_nv,frame_1306.jpg,5,0.8550171852111816,person
video2_nv,frame_1560.jpg,2,0.7507447004318237,person
video2_nv,frame_1529.jpg,2,0.7898017168045044,person
video2_nv,frame_1506.jpg,1,0.7718325257301331,person
video2_nv,frame_0690.jpg,5,0.7971614599227905,person
video2_nv,frame_1301.jpg,5,0.8866142630577087,person
video2_nv,frame_1525.jpg,1,0.8042702674865723,person
video2_nv,frame_1504.jpg,1,0.7742884159088135,person
video2_nv,frame_0692.jpg,3,0.830392599105835,person
video2_nv,frame_1483.jpg,1,0.6171664595603943,person
video2_nv,frame_1057.jpg,3,0.8866676092147827,person
video2_nv,frame_1511.jpg,1,0.7662273645401001,person
video2_nv,frame_1493.jpg,1,0.7688702940940857,person
video2_nv,frame_1484.jpg,2,0.727742075920105,person
video2_nv,frame_1482.jpg,1,0.6414972543716431,person
video2_nv,frame_1058.jpg,2,0.7532919645309448,person
video2_nv,frame_1242.jpg,7,0.9304728507995605,person
video2_nv,frame_1562.jpg,5,0.761396586894989,person
video2_nv,frame_1555.jpg,3,0.7557376623153687,person
video2_nv,frame_1293.jpg,7,0.9401811361312866,person
video2_nv,frame_1531.jpg,2,0.7571732997894287,person
video2_nv,frame_1552.jpg,1,0.6172044277191162,person
video2_nv,frame_1294.jpg,9,0.9247664213180542,person
video2_nv,frame_1479.jpg,0,0.5498204827308655,ambiguous
video2_nv,frame_1488.jpg,1,0.7887095808982849,person
video2_nv,frame_1060.jpg,2,0.7423154711723328,person
video2_nv,frame_1534.jpg,2,0.7263383269309998,person
video2_nv,frame_1296.jpg,9,0.907767117023468,person
video2_nv,frame_1225.jpg,4,0.8414305448532104,person
video2_nv,frame_1535.jpg,2,0.7238355875015259,person
video2_nv,frame_1563.jpg,5,0.7877467274665833,person
video2_nv,frame_1480.jpg,1,0.7442866563796997,person
video2_nv,frame_1528.jpg,1,0.7674397826194763,person
video2_nv,frame_1557.jpg,2,0.7737002968788147,person
video2_nv,frame_1546.jpg,2,0.7543885707855225,person
video2_nv,frame_1545.jpg,0,0.5713599920272827,ambiguous
video2_nv,frame_1238.jpg,5,0.9171162247657776,person
video2_nv,frame_1297.jpg,6,0.9183956980705261,person
video2_nv,frame_1295.jpg,10,0.9042514562606812,person
video2_nv,frame_0693.jpg,3,0.8294119834899902,person
video2_nv,frame_1567.jpg,3,0.8342512249946594,person
video2_nv,frame_1543.jpg,2,0.7352215647697449,person
video2_nv,frame_1522.jpg,1,0.8029645681381226,person
video2_nv,frame_1523.jpg,1,0.7975987792015076,person
video2_nv,frame_1298.jpg,8,0.9324513077735901,person
video2_nv,frame_1510.jpg,1,0.7766675353050232,person
video2_nv,frame_1553.jpg,3,0.7797728776931763,person
video2_nv,frame_1538.jpg,2,0.7600076794624329,person
video2_nv,frame_1566.jpg,4,0.7773188352584839,person
video2_nv,frame_1317.jpg,4,0.8371954560279846,person
video2_nv,frame_1056.jpg,2,0.9232487082481384,person
video2_nv,frame_1489.jpg,1,0.7628970742225647,person
video2_nv,frame_1517.jpg,1,0.6091432571411133,person
video2_nv,frame_1532.jpg,2,0.7773851752281189,person
video2_nv,frame_1551.jpg,2,0.7607647180557251,person
video2_nv,frame_1542.jpg,2,0.7754516005516052,person
video2_nv,frame_1544.jpg,2,0.7378813028335571,person
video2_nv,frame_1559.jpg,2,0.7732225656509399,person
video2_nv,frame_1490.jpg,2,0.7752912640571594,person
video2_nv,frame_1316.jpg,4,0.8501125574111938,person
video2_nv,frame_1481.jpg,2,0.7590669989585876,person
video2_nv,frame_1549.jpg,3,0.744233250617981,person
video2_nv,frame_0695.jpg,3,0.8578357696533203,person
video2_nv,frame_1515.jpg,1,0.769545316696167,person
video2_nv,frame_1499.jpg,1,0.7705349326133728,person
video2_nv,frame_1146.jpg,5,0.9170721769332886,person
video2_nv,frame_1478.jpg,1,0.6274073123931885,person
video2_nv,frame_1307.jpg,4,0.8880237340927124,person
video2_nv,frame_1061.jpg,3,0.7237680554389954,person
video2_nv,frame_1495.jpg,1,0.7450241446495056,person
video2_nv,frame_1521.jpg,1,0.7737970352172852,person
video2_nv,frame_1485.jpg,1,0.6103035807609558,person
video2_nv,frame_1300.jpg,7,0.8842244148254395,person
video2_nv,frame_1540.jpg,2,0.7843738794326782,person
video2_nv,frame_1518.jpg,1,0.7457463145256042,person
video2_nv,frame_1299.jpg,8,0.8970826268196106,person
video2_nv,frame_1227.jpg,4,0.8517192006111145,person
video2_nv,frame_1145.jpg,5,0.9029873609542847,person
video2_nv,frame_1223.jpg,4,0.8703581690788269,person
video2_nv,frame_1221.jpg,5,0.9031524062156677,person
video2_nv,frame_1524.jpg,1,0.8105888962745667,person
video2_nv,frame_1147.jpg,5,0.9209850430488586,person
video2_nv,frame_1561.jpg,3,0.7866426110267639,person
video2_nv,frame_0691.jpg,4,0.8152433633804321,person
video2_nv,frame_1509.jpg,1,0.7581668496131897,person
video2_nv,frame_1241.jpg,8,0.9271537661552429,person
video2_nv,frame_1486.jpg,2,0.7945820689201355,person
video2_nv,frame_1220.jpg,7,0.9116324186325073,person
video2_nv,frame_1505.jpg,1,0.7591645121574402,person
video2_nv,frame_1514.jpg,1,0.7416701912879944,person
video2_nv,frame_1496.jpg,1,0.7675403356552124,person
video2_nv,frame_0731.jpg,4,0.8373298048973083,person
video2_nv,frame_1500.jpg,1,0.7784025073051453,person
video2_nv,frame_1512.jpg,1,0.7506653070449829,person
video2_nv,frame_1516.jpg,0,0.5722317695617676,ambiguous
video2_nv,frame_1497.jpg,1,0.768674373626709,person
video2_nv,frame_1527.jpg,2,0.7978313565254211,person
video2_nv,frame_1059.jpg,2,0.6918703317642212,person
video2_nv,frame_1491.jpg,1,0.7736652493476868,person
video2_nv,frame_1487.jpg,1,0.8178625702857971,person
video3_nv,frame_1272.jpg,1,0.8839547038078308,person
video3_nv,frame_0804.jpg,2,0.877548098564148,person
video3_nv,frame_0769.jpg,2,0.7497924566268921,person
video3_nv,frame_0806.jpg,3,0.853854238986969,person
video3_nv,frame_0809.jpg,2,0.8506439328193665,person
video3_nv,frame_0805.jpg,3,0.8407875299453735,person
video3_nv,frame_0767.jpg,2,0.7359738349914551,person
video3_nv,frame_1263.jpg,4,0.9082686901092529,person
video3_nv,frame_0775.jpg,4,0.7827448844909668,person
video3_nv,frame_0765.jpg,2,0.7134285569190979,person
video3_nv,frame_1121.jpg,3,0.8158023953437805,person
video3_nv,frame_0770.jpg,2,0.7692440152168274,person
video3_nv,frame_1276.jpg,3,0.8683571815490723,person
video3_nv,frame_1261.jpg,2,0.8876838684082031,person
video3_nv,frame_1265.jpg,3,0.9087398052215576,person
video3_nv,frame_0807.jpg,2,0.8948760032653809,person
video3_nv,frame_0776.jpg,4,0.7848343849182129,person
video3_nv,frame_0811.jpg,2,0.8921272158622742,person
video3_nv,frame_0773.jpg,4,0.7668974995613098,person
video3_nv,frame_1273.jpg,1,0.8566302061080933,person
video3_nv,frame_1126.jpg,3,0.7831003069877625,person
video3_nv,frame_0766.jpg,2,0.7530463337898254,person
video3_nv,frame_1124.jpg,3,0.76572585105896,person
video3_nv,frame_1134.jpg,2,0.7784045934677124,person
video3_nv,frame_1264.jpg,3,0.8989972472190857,person
video3_nv,frame_1267.jpg,3,0.9157009124755859,person
video3_nv,frame_0812.jpg,1,0.9158892631530762,person
video3_nv,frame_1258.jpg,4,0.8784133195877075,person
video3_nv,frame_1259.jpg,4,0.879443883895874,person
video3_nv,frame_1266.jpg,3,0.8875081539154053,person
video3_nv,frame_1122.jpg,3,0.8480952978134155,person
video3_nv,frame_0810.jpg,1,0.8853952288627625,person
video3_nv,frame_0771.jpg,3,0.769294798374176,person
video3_nv,frame_1123.jpg,4,0.8001407980918884,person
video3_nv,frame_1260.jpg,4,0.8923491835594177,person
video3_nv,frame_0768.jpg,2,0.7521103620529175,person
video3_nv,frame_1136.jpg,3,0.805793821811676,person
video3_nv,frame_1125.jpg,2,0.8090617060661316,person
video3_nv,frame_0774.jpg,4,0.8038021922111511,person
video3_nv,frame_0772.jpg,3,0.7584438920021057,person
video3_nv,frame_1274.jpg,3,0.8895867466926575,person
video3_nv,frame_0808.jpg,2,0.8553403615951538,person
video3_nv,frame_1275.jpg,3,0.9124873876571655,person
video3_nv,frame_1135.jpg,2,0.7790182828903198,person
video3_nv,frame_1262.jpg,4,0.891851007938385,person
week1_nv,frame_1352.jpg,1,0.7664471864700317,person
week1_nv,frame_0682.jpg,3,0.870560884475708,person
week1_nv,frame_0673.jpg,3,0.8840831518173218,person
week1_nv,frame_1342.jpg,1,0.7159353494644165,person
week1_nv,frame_1349.jpg,1,0.7777721881866455,person
week1_nv,frame_1348.jpg,1,0.8060253262519836,person
week1_nv,frame_1351.jpg,1,0.7897986769676208,person
week1_nv,frame_1345.jpg,1,0.7447002530097961,person
week1_nv,frame_0685.jpg,4,0.8817541003227234,person
week1_nv,frame_0687.jpg,5,0.876380205154419,person
week1_nv,frame_1346.jpg,2,0.7184876203536987,person
week1_nv,frame_2015.jpg,1,0.6533310413360596,person
week1_nv,frame_1341.jpg,1,0.776614785194397,person
week1_nv,frame_0676.jpg,3,0.8381632566452026,person
week1_nv,frame_0684.jpg,4,0.9054225087165833,person
week1_nv,frame_1347.jpg,1,0.7811470627784729,person
week1_nv,frame_0683.jpg,3,0.9050935506820679,person
week1_nv,frame_2010.jpg,1,0.8715468645095825,person
week1_nv,frame_1350.jpg,1,0.774994432926178,person
week1_nv,frame_1343.jpg,1,0.7119318842887878,person
week1_nv,frame_0688.jpg,5,0.8746324777603149,person
week1_nv,frame_0672.jpg,3,0.9109935164451599,person
week1_nv,frame_0675.jpg,2,0.8888502717018127,person
week1_nv,frame_1344.jpg,2,0.7787760496139526,person
week1_nv,frame_2014.jpg,1,0.6784921288490295,person
week1_nv,frame_0674.jpg,3,0.8669336438179016,person
week1_nv,frame_2012.jpg,0,0.43074724078178406,ambiguous
week1_nv,frame_0686.jpg,4,0.9122170209884644,person
week1_nv,frame_2011.jpg,1,0.6526730060577393,person
week2_nv,frame_2900.jpg,7,0.8401455283164978,person
week2_nv,frame_4830.jpg,1,0.7711119651794434,person
week2_nv,frame_2903.jpg,8,0.8527194261550903,person
week2_nv,frame_3144.jpg,9,0.8853570818901062,person
week2_nv,frame_2902.jpg,7,0.8143125176429749,person
week2_nv,frame_3428.jpg,3,0.8256298899650574,person
week2_nv,frame_3432.jpg,1,0.673412561416626,person
week2_nv,frame_2613.jpg,7,0.8672291040420532,person
week2_nv,frame_0685.jpg,4,0.8817541003227234,person
week2_nv,frame_0687.jpg,5,0.876380205154419,person
week2_nv,frame_2615.jpg,6,0.8756943345069885,person
week2_nv,frame_3430.jpg,3,0.8372288942337036,person
week2_nv,frame_3138.jpg,9,0.8840124607086182,person
week2_nv,frame_2616.jpg,9,0.9033900499343872,person
week2_nv,frame_4823.jpg,1,0.7741868495941162,person
week2_nv,frame_0683.jpg,3,0.9050935506820679,person
week2_nv,frame_3143.jpg,10,0.8912361860275269,person
week2_nv,frame_4807.jpg,0,0.5197193026542664,ambiguous
week2_nv,frame_3142.jpg,8,0.908473789691925,person
week2_nv,frame_3431.jpg,1,0.7699832320213318,person
week2_nv,frame_3433.jpg,2,0.6923984885215759,person
week2_nv,frame_3139.jpg,9,0.8873751163482666,person
week2_nv,frame_4832.jpg,1,0.8047342896461487,person
week2_nv,frame_3434.jpg,1,0.6825386881828308,person
week2_nv,frame_4821.jpg,1,0.6613996028900146,person
week2_nv,frame_4833.jpg,0,0.5701877474784851,ambiguous
week2_nv,frame_3140.jpg,10,0.8771350383758545,person
week2_nv,frame_4825.jpg,1,0.6899454593658447,person
week2_nv,frame_2899.jpg,8,0.846049427986145,person
week2_nv,frame_2614.jpg,6,0.8758963942527771,person
week2_nv,frame_3429.jpg,3,0.8159240484237671,person
week2_nv,frame_2014.jpg,1,0.6784921288490295,person
week2_nv,frame_3426.jpg,3,0.8217313289642334,person
week2_nv,frame_3427.jpg,4,0.8110518455505371,person
week2_nv,frame_4815.jpg,0,0.5419633388519287,ambiguous
week2_nv,frame_2892.jpg,6,0.7939556241035461,person
week2_nv,frame_2012.jpg,0,0.43074724078178406,ambiguous
week2_nv,frame_0686.jpg,4,0.9122170209884644,person
week2_nv,frame_3141.jpg,9,0.8920356035232544,person
week2_nv,frame_2904.jpg,8,0.8418882489204407,person
week2_nv,frame_3145.jpg,9,0.9017932415008545,person
week2_nv,frame_2901.jpg,6,0.8361131548881531,person
week2_nv,frame_4172.jpg,5,0.8289841413497925,person
week3_nv,frame_2381.jpg,5,0.8672999143600464,person
week3_nv,frame_2384.jpg,4,0.8577703237533569,person
week3_nv,frame_0912.jpg,1,0.6238927841186523,person
week3_nv,frame_1314.jpg,1,0.7265100479125977,person
week3_nv,frame_0916.jpg,1,0.6040962934494019,person
week3_nv,frame_0907.jpg,0,0.45616352558135986,ambiguous
week3_nv,frame_0914.jpg,1,0.6512967944145203,person
week3_nv,frame_1315.jpg,1,0.7229976654052734,person
week3_nv,frame_2382.jpg,5,0.9097924828529358,person
week3_nv,frame_2378.jpg,5,0.8535376191139221,person
week3_nv,frame_2385.jpg,4,0.8873733878135681,person
week3_nv,frame_2379.jpg,5,0.8957507610321045,person
week3_nv,frame_0911.jpg,0,0.5194436311721802,ambiguous
week3_nv,frame_2380.jpg,5,0.8225939869880676,person
week3_nv,frame_0913.jpg,0,0.4753853380680084,ambiguous
week3_nv,frame_2383.jpg,6,0.8679531812667847,person
week3_nv,frame_0915.jpg,1,0.7387596368789673,person
week10_nv,frame_2685.jpg,2,0.7872889637947083,person
week10_nv,frame_2663.jpg,2,0.6925387382507324,person
week10_nv,frame_2665.jpg,2,0.6767828464508057,person
week10_nv,frame_2666.jpg,2,0.7976547479629517,person
week10_nv,frame_2680.jpg,1,0.7671447992324829,person
week10_nv,frame_0677.jpg,2,0.7945554256439209,person
week10_nv,frame_0676.jpg,0,0.45197510719299316,ambiguous
week10_nv,frame_2683.jpg,1,0.6786550283432007,person
week10_nv,frame_0678.jpg,2,0.8191786408424377,person
week10_nv,frame_2681.jpg,1,0.639701783657074,person
week10_nv,frame_2682.jpg,2,0.6420419216156006,person
week10_nv,frame_2686.jpg,1,0.7720060348510742,person
week10_nv,frame_2662.jpg,0,0.4801187515258789,ambiguous
week10_nv,frame_2664.jpg,2,0.725975751876831,person
week10_nv,frame_2669.jpg,2,0.7729016542434692,person
week10_nv,frame_2667.jpg,2,0.7893497943878174,person
week10_nv,frame_2668.jpg,2,0.738655149936676,person
week10_nv,frame_2684.jpg,4,0.7753224968910217,person
week10_nv,frame_2679.jpg,1,0.6855310201644897,person
week10_nv,frame_0679.jpg,2,0.8139221668243408,person
week13_nv,frame_2949.jpg,1,0.6251569390296936,person
week13_nv,frame_1536.jpg,0,0.5162214040756226,ambiguous
week13_nv,frame_3003.jpg,0,0.5983518362045288,ambiguous
week13_nv,frame_2950.jpg,1,0.7201870679855347,person
week13_nv,frame_1153.jpg,1,0.7967597246170044,person
week13_nv,frame_2968.jpg,3,0.7274341583251953,person
week13_nv,frame_2952.jpg,1,0.664837658405304,person
week13_nv,frame_1420.jpg,2,0.8588647842407227,person
week13_nv,frame_2954.jpg,1,0.7354265451431274,person
week13_nv,frame_2965.jpg,3,0.8791265487670898,person
week13_nv,frame_1452.jpg,2,0.771051287651062,person
week13_nv,frame_3010.jpg,3,0.7523693442344666,person
week13_nv,frame_3065.jpg,0,0.50309157371521,ambiguous
week13_nv,frame_0730.jpg,1,0.8817638754844666,person
week13_nv,frame_0729.jpg,1,0.8780295252799988,person
week13_nv,frame_1152.jpg,1,0.7684686183929443,person
week13_nv,frame_1451.jpg,4,0.8057727217674255,person
week13_nv,frame_2915.jpg,6,0.8636390566825867,person
week13_nv,frame_2962.jpg,2,0.8030189275741577,person
week13_nv,frame_1454.jpg,0,0.5496161580085754,ambiguous
week13_nv,frame_3001.jpg,0,0.4904199540615082,ambiguous
week13_nv,frame_1419.jpg,2,0.8726508617401123,person
week13_nv,frame_2966.jpg,3,0.7652720808982849,person
week13_nv,frame_1151.jpg,1,0.8001452088356018,person
week13_nv,frame_2961.jpg,2,0.7736234664916992,person
week13_nv,frame_2953.jpg,1,0.7355445027351379,person
week13_nv,frame_2914.jpg,6,0.8299846053123474,person
week13_nv,frame_0733.jpg,2,0.7693729400634766,person
week13_nv,frame_2916.jpg,6,0.8621482849121094,person
week13_nv,frame_3007.jpg,0,0.5376378893852234,ambiguous
week13_nv,frame_2947.jpg,2,0.778165876865387,person
week13_nv,frame_1150.jpg,1,0.7565667629241943,person
week13_nv,frame_3062.jpg,0,0.48494231700897217,ambiguous
week13_nv,frame_2911.jpg,7,0.8805925250053406,person
week13_nv,frame_3006.jpg,2,0.6190452575683594,person
week13_nv,frame_1148.jpg,1,0.6360604166984558,person
week13_nv,frame_1535.jpg,0,0.5647924542427063,ambiguous
week13_nv,frame_2955.jpg,2,0.7024377584457397,person
week13_nv,frame_1457.jpg,1,0.7060620784759521,person
week13_nv,frame_2956.jpg,2,0.7761343121528625,person
week13_nv,frame_2912.jpg,10,0.8687427639961243,person
week13_nv,frame_0732.jpg,1,0.7028259038925171,person
week13_nv,frame_3002.jpg,0,0.4990568161010742,ambiguous
week13_nv,frame_2913.jpg,8,0.8603227734565735,person
week13_nv,frame_3008.jpg,1,0.7810903191566467,person
week13_nv,frame_2927.jpg,3,0.9223103523254395,person
week13_nv,frame_2926.jpg,4,0.9002305269241333,person
week13_nv,frame_1455.jpg,1,0.6705113649368286,person
week13_nv,frame_2917.jpg,7,0.8424549102783203,person
week13_nv,frame_3005.jpg,0,0.5955233573913574,ambiguous
week13_nv,frame_1154.jpg,1,0.7835540175437927,person
week13_nv,frame_1456.jpg,1,0.7027372717857361,person
week13_nv,frame_3067.jpg,0,0.5559096932411194,ambiguous
week13_nv,frame_1421.jpg,1,0.740655779838562,person
week13_nv,frame_2948.jpg,1,0.7549892067909241,person
week13_nv,frame_2967.jpg,3,0.8826216459274292,person
week13_nv,frame_2946.jpg,2,0.69810551404953,person
week13_nv,frame_1149.jpg,1,0.6959596276283264,person
week13_nv,frame_1450.jpg,5,0.8403923511505127,person
week13_nv,frame_2964.jpg,2,0.8606271743774414,person
week13_nv,frame_2925.jpg,4,0.8979660868644714,person
week13_nv,frame_0734.jpg,3,0.8565894365310669,person
week13_nv,frame_1449.jpg,5,0.8267509937286377,person
week13_nv,frame_2910.jpg,6,0.8487622737884521,person
week13_nv,frame_2957.jpg,3,0.727207362651825,person
week13_nv,frame_1458.jpg,1,0.7309030294418335,person
week13_nv,frame_0731.jpg,1,0.8918405175209045,person
week13_nv,frame_2951.jpg,1,0.6274498701095581,person
week13_nv,frame_0728.jpg,1,0.8244936466217041,person
week13_nv,frame_3009.jpg,1,0.7155072093009949,person
week13_nv,frame_2963.jpg,2,0.8667025566101074,person
week18_nv,frame_0787.jpg,2,0.8180900812149048,person
week18_nv,frame_0788.jpg,1,0.8330943584442139,person
week18_nv,frame_0785.jpg,2,0.8709014654159546,person
week18_nv,frame_0791.jpg,1,0.8655490279197693,person
week18_nv,frame_0792.jpg,1,0.8362841010093689,person
week18_nv,frame_0794.jpg,1,0.798893392086029,person
week18_nv,frame_0786.jpg,2,0.8607712984085083,person
week18_nv,frame_0790.jpg,1,0.8462112545967102,person
week18_nv,frame_0793.jpg,1,0.8205155730247498,person
week18_nv,frame_0789.jpg,1,0.7879678606987,person
week25_nv,frame_1536.jpg,1,0.6214345693588257,person
week25_nv,frame_1153.jpg,3,0.8263584971427917,person
week25_nv,frame_1180.jpg,3,0.7615479826927185,person
week25_nv,frame_1157.jpg,4,0.8034950494766235,person
week25_nv,frame_3490.jpg,1,0.7045237421989441,person
week25_nv,frame_0814.jpg,0,0.4937079846858978,ambiguous
week25_nv,frame_0816.jpg,1,0.761337161064148,person
week25_nv,frame_3996.jpg,1,0.644447386264801,person
week25_nv,frame_3501.jpg,3,0.7373949289321899,person
week25_nv,frame_2178.jpg,6,0.7906489372253418,person
week25_nv,frame_1152.jpg,1,0.7408946752548218,person
week25_nv,frame_4469.jpg,0,0.46917620301246643,ambiguous
week25_nv,frame_1192.jpg,3,0.8281480669975281,person
week25_nv,frame_1178.jpg,1,0.7814205884933472,person
week25_nv,frame_4466.jpg,1,0.8024704456329346,person
week25_nv,frame_3522.jpg,2,0.7634038329124451,person
week25_nv,frame_2088.jpg,3,0.6657549142837524,person
week25_nv,frame_1151.jpg,2,0.6605700254440308,person
week25_nv,frame_3994.jpg,1,0.6842749714851379,person
week25_nv,frame_1159.jpg,5,0.8589535355567932,person
week25_nv,frame_3499.jpg,1,0.6542108654975891,person
week25_nv,frame_3506.jpg,1,0.7120383977890015,person
week25_nv,frame_3995.jpg,1,0.7568843960762024,person
week25_nv,frame_1208.jpg,4,0.7443312406539917,person
week25_nv,frame_4454.jpg,3,0.8071522116661072,person
week25_nv,frame_1535.jpg,1,0.6918792724609375,person
week25_nv,frame_3521.jpg,3,0.6896699070930481,person
week25_nv,frame_3505.jpg,1,0.6778544783592224,person
week25_nv,frame_3507.jpg,1,0.7265622019767761,person
week25_nv,frame_4456.jpg,4,0.8909787535667419,person
week25_nv,frame_1160.jpg,5,0.8258170485496521,person
week25_nv,frame_2089.jpg,3,0.7125813364982605,person
week25_nv,frame_0813.jpg,1,0.6798586249351501,person
week25_nv,frame_2177.jpg,3,0.7846398949623108,person
week25_nv,frame_4464.jpg,1,0.8213146328926086,person
week25_nv,frame_2176.jpg,1,0.8364065289497375,person
week25_nv,frame_1176.jpg,0,0.4732394218444824,ambiguous
week25_nv,frame_1154.jpg,3,0.728377103805542,person
week25_nv,frame_0815.jpg,0,0.5128440260887146,ambiguous
week25_nv,frame_1155.jpg,3,0.8074188828468323,person
week25_nv,frame_0818.jpg,2,0.7941906452178955,person
week25_nv,frame_1177.jpg,0,0.42627036571502686,ambiguous
week25_nv,frame_4465.jpg,1,0.7913388609886169,person
week25_nv,frame_1194.jpg,1,0.794090747833252,person
week25_nv,frame_1193.jpg,2,0.8339269757270813,person
week25_nv,frame_1179.jpg,1,0.7825303673744202,person
week25_nv,frame_0817.jpg,2,0.7893323302268982,person
week25_nv,frame_1158.jpg,4,0.8406381607055664,person
week25_nv,frame_3497.jpg,1,0.7409675717353821,person
week25_nv,frame_1156.jpg,4,0.8352712988853455,person
week25_nv,frame_3498.jpg,1,0.6763936877250671,person
week25_nv,frame_2087.jpg,3,0.8180859684944153,person
week25_nv,frame_0808.jpg,1,0.897747278213501,person
week25_nv,frame_4455.jpg,3,0.8625765442848206,person
week25_nv,frame_3500.jpg,1,0.6113519072532654,person
week25_nv,frame_4467.jpg,1,0.8252927660942078,person
week29_nv,frame_1918.jpg,2,0.7692592144012451,person
week29_nv,frame_0682.jpg,0,0.40867170691490173,ambiguous
week29_nv,frame_1364.jpg,0,0.44138023257255554,ambiguous
week29_nv,frame_2432.jpg,1,0.8944821953773499,person
week29_nv,frame_0388.jpg,1,0.6413871645927429,person
week29_nv,frame_0671.jpg,1,0.7823677659034729,person
week29_nv,frame_0667.jpg,0,0.44201815128326416,ambiguous
week29_nv,frame_0982.jpg,0,0.5603084564208984,ambiguous
week29_nv,frame_2430.jpg,5,0.8767213225364685,person
week29_nv,frame_1926.jpg,0,0.4704386591911316,ambiguous
week29_nv,frame_1339.jpg,2,0.7430988550186157,person
week29_nv,frame_2429.jpg,5,0.8359262943267822,person
week29_nv,frame_0391.jpg,1,0.8561924695968628,person
week29_nv,frame_1927.jpg,0,0.40085723996162415,ambiguous
week29_nv,frame_2431.jpg,5,0.882902979850769,person
week29_nv,frame_0669.jpg,2,0.7039750218391418,person
week29_nv,frame_0684.jpg,0,0.49826332926750183,ambiguous
week29_nv,frame_0670.jpg,2,0.724355161190033,person
week29_nv,frame_0394.jpg,1,0.8370844125747681,person
week29_nv,frame_1340.jpg,1,0.7736535668373108,person
week29_nv,frame_0387.jpg,2,0.847348153591156,person
week29_nv,frame_0755.jpg,0,0.42215633392333984,ambiguous
week29_nv,frame_0395.jpg,1,0.8444275259971619,person
week29_nv,frame_0668.jpg,1,0.6742240786552429,person
week29_nv,frame_1338.jpg,2,0.7581886649131775,person
week29_nv,frame_0092.jpg,1,0.7865535020828247,person
week29_nv,frame_1337.jpg,2,0.770235002040863,person
week29_nv,frame_0981.jpg,0,0.40114539861679077,ambiguous
week30_nv,frame_3130.jpg,0,0.5396470427513123,ambiguous
week30_nv,frame_3132.jpg,0,0.5911169648170471,ambiguous
week30_nv,frame_2391.jpg,5,0.7503899335861206,person
week30_nv,frame_3131.jpg,1,0.6819190979003906,person
week30_nv,frame_0698.jpg,1,0.7203851938247681,person
week30_nv,frame_3128.jpg,1,0.6752004623413086,person
week30_nv,frame_2409.jpg,4,0.8379677534103394,person
week30_nv,frame_3138.jpg,0,0.49062028527259827,ambiguous
week30_nv,frame_3134.jpg,1,0.8313331604003906,person
week30_nv,frame_0697.jpg,2,0.7246385812759399,person
week30_nv,frame_3139.jpg,1,0.6730228662490845,person
week30_nv,frame_3129.jpg,0,0.46618223190307617,ambiguous
week30_nv,frame_2408.jpg,4,0.8065888285636902,person
week30_nv,frame_3133.jpg,1,0.7566297054290771,person
week30_nv,frame_0699.jpg,1,0.6920208930969238,person
week30_nv,frame_2392.jpg,5,0.7649437785148621,person
week30_nv,frame_2410.jpg,4,0.7832493185997009,person
